{"index": {"_index":"dollartoken"}} 
{"token":"sim","timestamp":1632204947,"usd_hive": 0.59375499 ,"hive_token":0.00117000,"usd_token":0.000694}
