{"index": {"_index":"dollartoken"}} 
{"token":"sim","timestamp":1632204947,"usd_hive": 0.59375499 ,"hive_token":0.00117000,"usd_token":0.000694}
{"index": {"_index":"dollartoken"}} 
{"token":"sim","timestamp":1632279901,"usd_hive": 0.55367964 ,"hive_token":0.00107164,"usd_token":0.000593}
