{"index": {"_index":"dollartoken"}} 
{"token":"beer","timestamp":1632204606,"usd_hive": 0.58957549 ,"hive_token":0.16800000,"usd_token":0.099048}
{"index": {"_index":"dollartoken"}} 
{"token":"beer","timestamp":1632279961,"usd_hive": 0.55367964 ,"hive_token":0.23210000,"usd_token":0.128509}
