{"index": {"_index":"dollartoken"}} 
{"token":"pob","timestamp":1632204884,"usd_hive": 0.59375499 ,"hive_token":0.26600001,"usd_token":0.157938}
{"index": {"_index":"dollartoken"}} 
{"token":"pob","timestamp":1632279901,"usd_hive": 0.55367964 ,"hive_token":0.29000000,"usd_token":0.160567}
