{"index": {"_index":"dollartoken"}} 
{"token":"pob","timestamp":1632204884,"usd_hive": 0.59375499 ,"hive_token":0.26600001,"usd_token":0.157938}
