{"index": {"_index":"dollartoken"}} 
{"token":"leo","timestamp":1632204709,"usd_hive": 0.58957549 ,"hive_token":0.34809000,"usd_token":0.205225}
