{"index": {"_index":"dollartoken"}} 
{"token":"spt","timestamp":1632205003,"usd_hive": 0.59375499 ,"hive_token":0.01620000,"usd_token":0.009618}
{"index": {"_index":"dollartoken"}} 
{"token":"spt","timestamp":1632279901,"usd_hive": 0.55367964 ,"hive_token":0.01500011,"usd_token":0.008305}
