{"index": {"_index":"dollartoken"}} 
{"token":"spt","timestamp":1632205003,"usd_hive": 0.59375499 ,"hive_token":0.01620000,"usd_token":0.009618}
