{"index": {"_index":"dollartoken"}} 
{"token":"list","timestamp":1632204833,"usd_hive": 0.58957549 ,"hive_token":0.01499000,"usd_token":0.008837}
