{"index": {"_index":"dollartoken"}} 
{"token":"list","timestamp":1632204833,"usd_hive": 0.58957549 ,"hive_token":0.01499000,"usd_token":0.008837}
{"index": {"_index":"dollartoken"}} 
{"token":"list","timestamp":1632279901,"usd_hive": 0.55367964 ,"hive_token":0.01160000,"usd_token":0.006422}
